,username
0,SeventhConstellation
1,KinnerNevada
2,-ZeuS--
3,Gonzo_B
4,johntempleton
5,pink_paper_heart
6,n1ght_w1ng08
7,hash0t0
8,Slats7
9,mythrowawaybabies
10,Viewfromthe31stfloor
11,Frocharocha
12,CgmatterTutorials
13,hildebrand_rarity
14,srvnmdomdotnet
15,lopezjessy
16,johnruby
17,vannybros
18,SantiGir20
19,23rdJune2169
20,princey12
21,HugeDetective0
22,lexinshanghai
23,JLGoodwin1990
24,iyoiiiu
25,DoremusJessup
26,Ouch_that_smarts
27,Molire
28,Yamagemazaki
29,OldFashionedJizz
30,aaf97
31,system_exposure
32,TheNewArab
33,bradipaurbana
34,Canuknucklehead
35,OkQuantity7
36,Plus-Staff
37,tenders74
38,futuredude
39,Zhana-Aul
40,shallah
41,mchamst3r
42,Scbadiver
43,swingadmin
44,geoxol
45,Ra75b
46,Exastiken
47,Morihando
48,Hououjin21
49,ohnoh18
50,Trooper9520
51,le_br1t
52,saurabh24_
53,thinkB4WeSpeak
54,SetMau92
55,MinnesotaConnections
56,superegz
57,BalkanEagles
58,rit56
59,icedpickles
60,JLBesq1981
61,cc_hk
62,TenYearsTenDays
63,Fitz_cuniculus
64,into_the_space
65,notyouravgredditer
66,Sarbat_Khalsa
67,Otachilovesapples
68,WorkTomorrow
69,mynameisalex1
70,nclobo
71,whereshegoes
72,lifeandmylens
73,Nawaao
74,yarpoo
75,WyldBlu
76,Gambit08
77,lemonkid12345
78,chronicking83
79,Fr1sk3r
80,mepper
81,Tiggles_The_Tiger
82,redditor01020
83,Temstar
84,outrider567
85,timmassam
86,noahsurvived
87,FortuitousAdroit
88,PizzaFrost_751
89,My_Dog_Rolls_In_Poo
90,atomicspace
91,Hawkey89
92,TheGamerDanYT
93,seoulsnowflake
94,OwnRules
95,christianreeve93
96,Mamacrass
97,Russi2020
98,unnamed887
99,Person21323231213242
0,goddessofthebitches
1,DeWallenVanWimKok
2,staplehill
3,IcyPresence96
4,madman320
5,barbieonspeed
6,SeventhConstellation
7,barbieonspeed
8,maravvan
9,whenthewindupbird
10,tenders74
11,chingchongcheng84
12,garydawson009
13,C3R3B3
14,fernandezq
15,Kack-a-lack
16,johnruby
17,bradipaurbana
18,winniejinping
19,lolo_916
20,DonneyZ
21,ForceFedPorkPies
22,Ashes0fTheWake
23,DatGunBoi
24,Thruster666
25,Finelinez
26,The-Brontosaurus
27,TheRealDeex
28,Rabus
29,sleepyfries
30,annoy-nymous
31,NoBreaks2016
32,DeWallenVanWimKok
33,PM_me_Henrika
34,factfind
35,bradipaurbana
36,COYIWHU
37,koolman631
38,amwren
39,Reddit_Is_CCP_Owned
40,koolman631
41,altariasong
42,aleeea
43,johntempleton
44,yarpoo
45,madman320
46,Ronaldoi
47,Alan_Krumwiede
48,ratpaz312
49,Ketcchup
50,rkstrr
51,5QxjKb7SI2j1d9Zs3jcs
52,Jakten2
53,Victurd09
54,starskeehutch
55,yarpoo
56,outrider567
57,emperish_ed
58,tenders74
59,EastAreaBassist
60,abscbnnotforsale
61,percity
62,maravvan
63,lebbe
64,germanbini
65,planchetflaw
66,SeventhConstellation
67,unknownpoltroon
68,bannanainabucket
69,tool101
70,dookie83
71,knabbb
72,ThomasEpley
73,SeventhConstellation
74,Otachilovesapples
75,chinadeek
76,seoulsnowflake
77,Musophobia
78,SeventhConstellation
79,queerbi
80,johnruby
81,10111011110101
82,SeventhConstellation
83,thesmokecameout
84,Adorable-Tie
85,commodore1337
86,lesthrowawayacct
87,SeventhConstellation
88,__prison__mike__
89,tyuiopasd
90,whenthewindupbird
91,RedditTry12
92,tempurastyle
93,johnruby
94,barbieonspeed
95,DiscombobulatedRich6
96,tenders74
97,ccwcc
98,harddisc
99,Yuli-Ban
